ticker,name,sector,asset_class,weight_pct,market_value
NVDA,NVIDIA,Information Technology,Equity,6.89,3365324992.7
AAPL,APPLE,Information Technology,Equity,6.39,3118317203.4
MSFT,MICROSOFT,Information Technology,Equity,5.2,2537477689.53
AMZN,AMAZON.COM INC,Consumer Discretionary,Equity,3.56,1737348177.6
GOOGL,ALPHABET CLASS A,Communication,Equity,2.81,1371199068.0
AVGO,BROADCOM INC,Information Technology,Equity,2.33,1138258524.78
GOOG,ALPHABET CLASS C,Communication,Equity,2.27,1109415836.8
META,META PLATFORMS CLASS A,Communication,Equity,1.79,871411750.0
MU,MICRON TECHNOLOGY,Information Technology,Equity,1.49,727860576.0
TSLA,TESLA INC,Consumer Discretionary,Equity,1.42,695122061.58
JPM,JPMORGAN CHASE & CO,Financials,Equity,1.34,655891195.5
LLY,ELI LILLY,Health Care,Equity,1.34,653394057.63
BRKB,BERKSHIRE HATHAWAY INC CLASS B,Financials,Equity,1.33,646988644.54
AMD,ADVANCED MICRO DEVICES,Information Technology,Equity,1.1,538273207.62
XOM,EXXONMOBIL HOLDINGS CORP,Energy,Equity,0.93,452991776.67
JNJ,JOHNSON & JOHNSON,Health Care,Equity,0.92,447661620.0
V,VISA CLASS A,Financials,Equity,0.89,436171824.0
MA,MASTERCARD CLASS A,Financials,Equity,0.68,332647580.1
ABBV,ABBVIE,Health Care,Equity,0.66,320279239.5
WMT,WALMART INC,Consumer Staples,Equity,0.65,315139354.08
CSCO,CISCO SYSTEMS INC,Information Technology,Equity,0.63,305459873.52
COST,COSTCO WHOLESALE CORP,Consumer Staples,Equity,0.6,291963671.56
BAC,BANK OF AMERICA,Financials,Equity,0.58,283194541.56
INTC,INTEL CORPORATION,Information Technology,Equity,0.57,277410147.36
PLTR,PALANTIR TECHNOLOGIES CLASS A,Information Technology,Equity,0.56,271213965.0
LRCX,LAM RESEARCH,Information Technology,Equity,0.55,269058340.08
AMAT,APPLIED MATERIAL INC,Information Technology,Equity,0.54,261704762.16
MRK,MERCK & CO INC,Health Care,Equity,0.53,260755480.1
CAT,CATERPILLAR INC,Industrials,Equity,0.53,256901618.87
CVX,CHEVRON,Energy,Equity,0.52,255416305.82
GE,GE AEROSPACE,Industrials,Equity,0.52,251873123.97
UNH,UNITEDHEALTH GROUP INC,Health Care,Equity,0.51,249176385.72
KO,COCA-COLA,Consumer Staples,Equity,0.49,240997509.76
NFLX,NETFLIX,Communication,Equity,0.48,235054947.96
PG,PROCTER & GAMBLE,Consumer Staples,Equity,0.48,232742255.0
HD,HOME DEPOT,Consumer Discretionary,Equity,0.47,229840705.15
PM,PHILIP MORRIS INTERNATIONAL INC,Consumer Staples,Equity,0.43,208280946.0
GS,GOLDMAN SACHS GROUP INC,Financials,Equity,0.42,206452235.04
RTX,RTX,Industrials,Equity,0.4,196794556.8
PANW,PALO ALTO NETWORKS,Information Technology,Equity,0.39,188269546.6
WFC,WELLS FARGO,Financials,Equity,0.37,179712483.57
GEV,GE VERNOVA INC,Industrials,Equity,0.36,176456988.78
ORCL,ORACLE,Information Technology,Equity,0.36,175577873.48
KLAC,KLA,Information Technology,Equity,0.34,165457294.48
MS,MORGAN STANLEY,Financials,Equity,0.34,164925733.44
TXN,TEXAS INSTRUMENT INC,Information Technology,Equity,0.34,163862261.06
AMGN,AMGEN INC,Health Care,Equity,0.34,163645755.9
TMO,THERMO FISHER SCIENTIFIC INC,Health Care,Equity,0.33,162223422.9
C,CITIGROUP INC,Financials,Equity,0.32,156410780.4
LIN,LINDE PLC,Materials,Equity,0.32,155678794.34
SNDK,SANDISK,Information Technology,Equity,0.31,150107928.18
IBM,INTERNATIONAL BUSINESS MACHINES,Information Technology,Equity,0.3,148814389.95
MRVL,MARVELL TECHNOLOGY,Information Technology,Equity,0.3,147025556.85
ANET,ARISTA NETWORKS INC,Information Technology,Equity,0.3,145330580.25
VZ,VERIZON COMMUNICATIONS INC,Communication,Equity,0.3,144452190.33
APH,AMPHENOL CORP CLASS A,Information Technology,Equity,0.28,136025592.66
ABT,ABBOTT LABORATORIES,Health Care,Equity,0.28,135928927.4
DIS,WALT DISNEY,Communication,Equity,0.27,133738842.93
PEP,PEPSICO,Consumer Staples,Equity,0.27,133412611.3
CRWD,CROWDSTRIKE HOLDINGS CLASS A,Information Technology,Equity,0.27,130656599.46
MCD,MCDONALDS CORP,Consumer Discretionary,Equity,0.27,130564004.76
UNP,UNION PACIFIC,Industrials,Equity,0.26,126778310.52
GILD,GILEAD SCIENCES,Health Care,Equity,0.26,126519951.05
ADI,ANALOG DEVICES,Information Technology,Equity,0.26,125011801.2
BLK,BLACKROCK,Financials,Equity,0.25,123268001.49
SCHW,CHARLES SCHWAB,Financials,Equity,0.25,122934341.63
AXP,AMERICAN EXPRESS,Financials,Equity,0.25,122699792.25
NEE,NEXTERA ENERGY,Utilities,Equity,0.25,120870606.94
T,AT&T INC,Communication,Equity,0.25,120525924.09
QCOM,QUALCOMM,Information Technology,Equity,0.24,118781479.52
WELL,WELLTOWER,Real Estate,Equity,0.24,117441157.68
CRM,SALESFORCE,Information Technology,Equity,0.23,112424585.58
ETN,EATON PLC,Industrials,Equity,0.23,112097437.2
BKNG,BOOKING HOLDINGS,Consumer Discretionary,Equity,0.23,111224107.17
BA,BOEING,Industrials,Equity,0.23,110852231.94
PFE,PFIZER,Health Care,Equity,0.23,110844364.6
COP,CONOCOPHILLIPS,Energy,Equity,0.22,109562067.89
WDC,WESTERN DIGITAL CORP,Information Technology,Equity,0.22,109192774.4
DE,DEERE,Industrials,Equity,0.22,107877510.86
UBER,UBER TECHNOLOGIES,Industrials,Equity,0.22,105760644.09
TJX,TJX,Consumer Discretionary,Equity,0.21,104086307.34
NEM,NEWMONT,Materials,Equity,0.2,96710208.0
DELL,DELL TECHNOLOGIES INC CLASS C,Information Technology,Equity,0.2,96056194.36
VRTX,VERTEX PHARMACEUTICALS,Health Care,Equity,0.2,95755500.27
BMY,BRISTOL MYERS SQUIBB,Health Care,Equity,0.19,94935579.72
DHR,DANAHER,Health Care,Equity,0.19,93648003.84
COF,CAPITAL ONE FINANCIAL CORP,Financials,Equity,0.19,93232613.88
PLD,PROLOGIS REIT,Real Estate,Equity,0.19,92817249.42
PH,PARKER-HANNIFIN CORP,Industrials,Equity,0.19,90319207.12
ISRG,INTUITIVE SURGICAL INC,Health Care,Equity,0.18,89855001.92
PGR,PROGRESSIVE,Financials,Equity,0.18,89455917.81
SPGI,S&P GLOBAL INC,Financials,Equity,0.18,88875038.37
NOW,SERVICENOW INC,Information Technology,Equity,0.18,88844363.0
SBUX,STARBUCKS CORP,Consumer Discretionary,Equity,0.17,85182008.4
CVS,CVS HEALTH,Health Care,Equity,0.17,83282767.92
CB,CHUBB,Financials,Equity,0.17,83237717.64
GLW,CORNING,Information Technology,Equity,0.17,83198946.26
MDT,MEDTRONIC PLC,Health Care,Equity,0.17,81236728.32
LOW,LOWES COMPANIES INC,Consumer Discretionary,Equity,0.17,81170140.68
MO,ALTRIA GROUP INC,Consumer Staples,Equity,0.16,79534863.36
LMT,LOCKHEED MARTIN CORP,Industrials,Equity,0.16,79063494.84
SYK,STRYKER,Health Care,Equity,0.16,78460470.99
FCX,FREEPORT MCMORAN INC,Materials,Equity,0.16,77858687.0
ADP,AUTOMATIC DATA PROCESSING INC,Industrials,Equity,0.16,77404198.42
BNY,BANK OF NEW YORK MELLON CORP,Financials,Equity,0.16,77006212.92
ACN,ACCENTURE PLC CLASS A,Information Technology,Equity,0.16,76652820.42
ADBE,ADOBE INC,Information Technology,Equity,0.16,76079080.53
MCK,MCKESSON CORP,Health Care,Equity,0.16,75726575.75
HWM,HOWMET AEROSPACE,Industrials,Equity,0.15,73801045.38
BX,BLACKSTONE,Financials,Equity,0.15,73434535.2
MPC,MARATHON PETROLEUM,Energy,Equity,0.15,73409668.26
EQIX,EQUINIX REIT,Real Estate,Equity,0.15,73033457.28
SNOW,SNOWFLAKE,Information Technology,Equity,0.15,72727791.07
VLO,VALERO ENERGY CORP,Energy,Equity,0.15,70918769.16
TT,TRANE TECHNOLOGIES PLC,Industrials,Equity,0.14,70510480.6
CME,CME GROUP CLASS A,Financials,Equity,0.14,70042694.4
SO,SOUTHERN,Utilities,Equity,0.14,69745764.0
VRT,VERTIV HOLDINGS CLASS A,Industrials,Equity,0.14,69500216.88
PNC,PNC FINANCIAL SERVICES GROUP,Financials,Equity,0.14,67657371.75
GD,GENERAL DYNAMICS CORP,Industrials,Equity,0.14,67331789.04
USB,US BANCORP,Financials,Equity,0.14,67304267.2
PSX,PHILLIPS 66,Energy,Equity,0.14,66883578.68
CMCSA,COMCAST CLASS A,Communication,Equity,0.14,66421366.4
CSX,CSX,Industrials,Equity,0.14,66204456.16
FTNT,FORTINET,Information Technology,Equity,0.13,65769326.58
DUK,DUKE ENERGY CORP,Utilities,Equity,0.13,65393985.0
MMM,3M,Industrials,Equity,0.13,64737000.0
INTU,INTUIT,Information Technology,Equity,0.13,64468919.08
MRSH,MARSH INC,Financials,Equity,0.13,64200198.96
CDNS,CADENCE DESIGN SYSTEMS,Information Technology,Equity,0.13,63537659.28
PWR,QUANTA SERVICES INC,Industrials,Equity,0.13,63436231.07
ICE,INTERCONTINENTAL EXCHANGE INC,Financials,Equity,0.13,62693642.88
WMB,WILLIAMS,Energy,Equity,0.13,62494875.52
NET,CLOUDFLARE CLASS A,Information Technology,Equity,0.13,62064710.95
CEG,CONSTELLATION ENERGY CORP,Utilities,Equity,0.13,61764416.32
EMR,EMERSON ELECTRIC,Industrials,Equity,0.13,61283556.4
DASH,DOORDASH CLASS A,Consumer Discretionary,Equity,0.13,61196412.77
JCI,JOHNSON CONTROLS INTERNATIONAL PLC,Industrials,Equity,0.12,60863095.02
TMUS,T MOBILE US INC,Communication,Equity,0.12,60314654.49
ELV,ELEVANCE HEALTH INC,Health Care,Equity,0.12,60215958.6
SPOT,SPOTIFY TECHNOLOGY,Communication,Equity,0.12,59859764.9
HOOD,ROBINHOOD MARKETS CLASS A,Financials,Equity,0.12,57310639.56
REGN,REGENERON PHARMACEUTICALS,Health Care,Equity,0.12,56772122.83
WM,WASTE MANAGEMENT INC,Industrials,Equity,0.12,56743856.44
ITW,ILLINOIS TOOL INC,Industrials,Equity,0.12,56597789.34
AMT,AMERICAN TOWER REIT,Real Estate,Equity,0.12,56454844.07
SHW,SHERWIN WILLIAMS,Materials,Equity,0.11,55663569.0
MDLZ,MONDELEZ INTERNATIONAL INC CLASS A,Consumer Staples,Equity,0.11,55500657.23
MSI,MOTOROLA SOLUTIONS INC,Information Technology,Equity,0.11,55466595.12
SLB,SLB,Energy,Equity,0.11,55238016.0
CMI,CUMMINS INC,Industrials,Equity,0.11,54999614.48
NSC,NORFOLK SOUTHERN CORP,Industrials,Equity,0.11,54697846.56
UPS,UNITED PARCEL SERVICE INC CLASS B,Industrials,Equity,0.11,54183236.4
TRV,TRAVELERS COMPANIES,Financials,Equity,0.11,53981540.6
MAR,MARRIOTT INTERNATIONAL CLASS A,Consumer Discretionary,Equity,0.11,53911687.7
ABNB,AIRBNB CLASS A,Consumer Discretionary,Equity,0.11,53615935.95
EOG,EOG RESOURCES,Energy,Equity,0.11,53457257.52
GM,GENERAL MOTORS,Consumer Discretionary,Equity,0.11,53407104.87
MCO,MOODYS CORP,Financials,Equity,0.11,53006368.25
SNPS,SYNOPSYS,Information Technology,Equity,0.11,52401280.0
DDOG,DATADOG INC CLASS A,Information Technology,Equity,0.11,51539479.26
ROST,ROSS STORES INC,Consumer Discretionary,Equity,0.1,51217901.79
HLT,HILTON WORLDWIDE HOLDINGS INC,Consumer Discretionary,Equity,0.1,51171007.2
TGT,TARGET CORP,Consumer Staples,Equity,0.1,51086321.04
KKR,KKR AND CO INC,Financials,Equity,0.1,51043065.5
ORLY,OREILLY AUTOMOTIVE INC,Consumer Discretionary,Equity,0.1,50992546.05
APP,APPLOVIN CLASS A,Communication,Equity,0.1,50921339.7
SPCX,SPACE EXPLORATION TECHNOLOGIES COR,Communication,Equity,0.1,50688063.71
AON,AON PLC CLASS A,Financials,Equity,0.1,50553299.72
FDX,FEDEX CORP,Industrials,Equity,0.1,50463682.06
NOC,NORTHROP GRUMMAN CORP,Industrials,Equity,0.1,50422165.75
CI,CIGNA,Health Care,Equity,0.1,50319826.59
RCL,ROYAL CARIBBEAN GROUP,Consumer Discretionary,Equity,0.1,50258450.0
CL,COLGATE-PALMOLIVE,Consumer Staples,Equity,0.1,50246716.24
HPE,HEWLETT PACKARD ENTERPRISE,Information Technology,Equity,0.1,50185512.72
ECL,ECOLAB,Materials,Equity,0.1,49457214.0
BSX,BOSTON SCIENTIFIC CORP,Health Care,Equity,0.1,49246695.84
CTAS,CINTAS,Industrials,Equity,0.1,48140378.98
HON,HONEYWELL INTERNATIONAL INC,Industrials,Equity,0.1,48082006.97
DLR,DIGITAL REALTY TRUST REIT,Real Estate,Equity,0.1,48071030.17
SPG,SIMON PROPERTY GROUP REIT INC,Real Estate,Equity,0.1,47614176.99
WBD,WARNER BROS. DISCOVERY SERIES A,Communication,Equity,0.1,47458976.25
AJG,ARTHUR J GALLAGHER,Financials,Equity,0.1,46592539.03
TDG,TRANSDIGM GROUP,Industrials,Equity,0.1,46440426.44
APD,AIR PRODUCTS AND CHEMICALS,Materials,Equity,0.09,46325899.56
MNST,MONSTER BEVERAGE,Consumer Staples,Equity,0.09,46280080.0
ALL,ALLSTATE CORP,Financials,Equity,0.09,46152652.23
AEP,AMERICAN ELECTRIC POWER INC,Utilities,Equity,0.09,46144041.6
LITE,LUMENTUM HOLDINGS,Information Technology,Equity,0.09,46103555.91
PCAR,PACCAR INC,Industrials,Equity,0.09,45807511.95
URI,UNITED RENTALS,Industrials,Equity,0.09,45320731.0
CRH,CRH PUBLIC LIMITED PLC,Materials,Equity,0.09,44776929.0
HCA,HCA HEALTHCARE,Health Care,Equity,0.09,44042331.8
TFC,TRUIST FINANCIAL,Financials,Equity,0.09,43576402.68
TRGP,TARGA RESOURCES,Energy,Equity,0.09,43092742.77
KMI,KINDER MORGAN,Energy,Equity,0.09,42965972.96
MPWR,MONOLITHIC POWER SYSTEMS INC,Information Technology,Equity,0.09,42537781.12
BKR,BAKER HUGHES CLASS A,Energy,Equity,0.09,42488848.0
COR,CENCORA,Health Care,Equity,0.09,42031200.54
OKE,ONEOK,Energy,Equity,0.08,41219435.4
LNG,CHENIERE ENERGY INC,Energy,Equity,0.08,41050696.32
AU,ANGLOGOLD ASHANTI PLC,Materials,Equity,0.08,40937280.33
D,DOMINION ENERGY,Utilities,Equity,0.08,40641067.09
FAST,FASTENAL,Industrials,Equity,0.08,40562256.9
BE,BLOOM ENERGY CLASS A,Industrials,Equity,0.08,40446532.76
GWW,WW GRAINGER INC,Industrials,Equity,0.08,40043004.54
O,REALTY INCOME REIT,Real Estate,Equity,0.08,39905173.44
TER,TERADYNE,Information Technology,Equity,0.08,39246026.6
CIEN,CIENA,Information Technology,Equity,0.08,39017581.13
APO,APOLLO GLOBAL MANAGEMENT,Financials,Equity,0.08,38807341.74
AME,AMETEK INC,Industrials,Equity,0.08,38729340.0
FIX,COMFORT SYSTEMS USA,Industrials,Equity,0.08,38658614.63
CAH,CARDINAL HEALTH,Health Care,Equity,0.08,38550710.4
SRE,SEMPRA,Utilities,Equity,0.08,38500252.96
NUE,NUCOR,Materials,Equity,0.08,38470851.2
CTVA,CORTEVA,Materials,Equity,0.08,38447120.32
PYPL,PAYPAL HOLDINGS,Financials,Equity,0.08,37987560.66
KEYS,KEYSIGHT TECHNOLOGIES,Information Technology,Equity,0.08,37954266.66
DAL,DELTA AIR LINES,Industrials,Equity,0.08,37571600.72
F,FORD MOTOR CO,Consumer Discretionary,Equity,0.08,37525135.0
MRNA,MODERNA INC,Health Care,Equity,0.08,37392551.0
BDX,BECTON DICKINSON,Health Care,Equity,0.08,37358195.05
ADSK,AUTODESK,Information Technology,Equity,0.08,36909803.75
PSA,PUBLIC STORAGE REIT,Real Estate,Equity,0.08,36758110.77
AFL,AFLAC,Financials,Equity,0.08,36693494.1
DVN,DEVON ENERGY,Energy,Equity,0.07,36218087.85
NU,NU HOLDINGS CLASS A,Financials,Equity,0.07,36092054.41
COHR,COHERENT,Information Technology,Equity,0.07,35849261.71
MET,METLIFE,Financials,Equity,0.07,35788843.84
HONA,HONEYWELL AEROSPACE INC,Industrials,Equity,0.07,35775829.32
STT,STATE STREET,Financials,Equity,0.07,35536821.18
EW,EDWARDS LIFESCIENCES,Health Care,Equity,0.07,35503876.44
CVNA,CARVANA CLASS A,Consumer Discretionary,Equity,0.07,35174613.3
WAB,WESTINGHOUSE AIR BRAKE TECHNOLOGIE,Industrials,Equity,0.07,35041761.84
VMRK,VIVMARK RESIDENTIAL,Real Estate,Equity,0.07,34880047.26
AMP,AMERIPRISE FINANCE INC,Financials,Equity,0.07,34773778.2
FITB,FIFTH THIRD BANCORP,Financials,Equity,0.07,34189109.2
AZO,AUTOZONE,Consumer Discretionary,Equity,0.07,34092632.0
LHX,L3HARRIS TECHNOLOGIES,Industrials,Equity,0.07,33799037.68
ETR,ENTERGY CORP,Utilities,Equity,0.07,33684374.36
ROK,ROCKWELL AUTOMATION INC,Industrials,Equity,0.07,33282744.0
XEL,XCEL ENERGY INC,Utilities,Equity,0.07,33277723.6
GRMN,GARMIN,Consumer Discretionary,Equity,0.07,32726312.64
CMG,CHIPOTLE MEXICAN GRILL,Consumer Discretionary,Equity,0.07,32713461.98
VST,VISTRA,Utilities,Equity,0.07,32320184.27
HUM,HUMANA,Health Care,Equity,0.07,32234684.74
AXON,AXON ENTERPRISE,Industrials,Equity,0.07,32221954.16
NTRA,NATERA,Health Care,Equity,0.07,31984201.9
EBAY,EBAY,Consumer Discretionary,Equity,0.07,31772872.4
CARR,CARRIER GLOBAL,Industrials,Equity,0.06,31472715.78
EXC,EXELON CORP,Utilities,Equity,0.06,31430856.6
NKE,NIKE CLASS B,Consumer Discretionary,Equity,0.06,31282173.11
FERG,FERGUSON ENTERPRISES INC,Industrials,Equity,0.06,31130268.07
VTR,VENTAS REIT,Real Estate,Equity,0.06,31072668.0
NDAQ,NASDAQ INC,Financials,Equity,0.06,30502376.03
ALAB,ASTERA LABS,Information Technology,Equity,0.06,30496305.3
RSG,REPUBLIC SERVICES INC,Industrials,Equity,0.06,30328680.9
CBRE,CBRE GROUP CLASS A,Real Estate,Equity,0.06,30121618.8
A,AGILENT TECHNOLOGIES INC,Health Care,Equity,0.06,30054814.16
IDXX,IDEXX LABORATORIES INC,Health Care,Equity,0.06,30025780.32
IQV,IQVIA HOLDINGS,Health Care,Equity,0.06,29858688.78
XYZ,BLOCK CLASS A,Financials,Equity,0.06,29685646.8
TTWO,TAKE TWO INTERACTIVE SOFTWARE,Communication,Equity,0.06,29609864.2
YUM,YUM BRANDS,Consumer Discretionary,Equity,0.06,29284010.91
OXY,OCCIDENTAL PETROLEUM CORP,Energy,Equity,0.06,29188539.36
ROP,ROPER TECHNOLOGIES,Information Technology,Equity,0.06,28999031.04
IBKR,INTERACTIVE BROKERS GROUP INC CLAS,Financials,Equity,0.06,28987635.6
PRU,PRUDENTIAL FINANCIAL INC,Financials,Equity,0.06,28700326.08
KDP,KEURIG DR PEPPER INC,Consumer Staples,Equity,0.06,28633304.47
RVMD,REVOLUTION MEDICINES,Health Care,Equity,0.06,28530503.76
AIG,AMERICAN INTERNATIONAL GROUP,Financials,Equity,0.06,28138846.54
FLEX,FLEX LTD,Information Technology,Equity,0.06,28095781.38
WAT,WATERS CORP,Health Care,Equity,0.06,27931210.63
MSTR,STRATEGY INC CLASS A,Information Technology,Equity,0.06,27663176.83
PAYX,PAYCHEX,Industrials,Equity,0.06,27580747.04
PCG,PG&E CORP,Utilities,Equity,0.06,27426566.0
COIN,COINBASE GLOBAL INC CLASS A,Financials,Equity,0.06,27396245.58
ED,CONSOLIDATED EDISON,Utilities,Equity,0.06,27349183.8
SYY,SYSCO,Consumer Staples,Equity,0.06,27326216.28
MSCI,MSCI INC,Financials,Equity,0.06,27225307.66
MCHP,MICROCHIP TECHNOLOGY INC,Information Technology,Equity,0.06,27153912.85
WDAY,WORKDAY CLASS A,Information Technology,Equity,0.06,26892125.75
ADM,ARCHER DANIELS MIDLAND,Consumer Staples,Equity,0.05,26496735.33
FANG,DIAMONDBACK ENERGY,Energy,Equity,0.05,26267369.28
HIG,HARTFORD INSURANCE GROUP,Financials,Equity,0.05,26262631.08
NTAP,NETAPP INC,Information Technology,Equity,0.05,26169943.85
EXPE,EXPEDIA GROUP,Consumer Discretionary,Equity,0.05,26097348.48
DHI,D R HORTON,Consumer Discretionary,Equity,0.05,25738461.0
ODFL,OLD DOMINION FREIGHT LINE,Industrials,Equity,0.05,25632937.33
CRDO,CREDO TECHNOLOGY GROUP HOLDING LTD,Information Technology,Equity,0.05,25593370.0
UAL,UNITED AIRLINES HOLDINGS,Industrials,Equity,0.05,25465504.61
PEG,PUBLIC SERVICE ENTERPRISE GROUP,Utilities,Equity,0.05,25354682.76
VEEV,VEEVA SYSTEMS CLASS A,Health Care,Equity,0.05,25317816.16
KMB,KIMBERLY CLARK,Consumer Staples,Equity,0.05,25005030.12
KVUE,KENVUE,Consumer Staples,Equity,0.05,25000126.7
IRM,IRON MOUNTAIN INC,Real Estate,Equity,0.05,24790055.93
RKLB,ROCKET LAB CORP,Industrials,Equity,0.05,24390175.74
VMC,VULCAN MATERIALS,Materials,Equity,0.05,24349720.48
MTB,M&T BANK,Financials,Equity,0.05,24325493.4
WEC,WEC ENERGY GROUP,Utilities,Equity,0.05,24211461.12
ACGL,ARCH CAPITAL GROUP,Financials,Equity,0.05,24023432.24
HBAN,HUNTINGTON BANCSHARES INC,Financials,Equity,0.05,23673160.8
NTRS,NORTHERN TRUST,Financials,Equity,0.05,23647599.58
RMD,RESMED,Health Care,Equity,0.05,23493579.2
P,EVERPURE INC CLASS A,Information Technology,Equity,0.05,23476117.5
ILMN,ILLUMINA INC,Health Care,Equity,0.05,23434623.52
DXCM,DEXCOM INC,Health Care,Equity,0.05,23415428.48
TWLO,TWILIO CLASS A,Information Technology,Equity,0.05,23172926.26
EME,EMCOR GROUP INC,Industrials,Equity,0.05,23164266.24
CBOE,CBOE GLOBAL MARKETS,Financials,Equity,0.05,22914433.81
EQT,EQT,Energy,Equity,0.05,22871701.97
GEHC,GE HEALTHCARE TECHNOLOGIES,Health Care,Equity,0.05,22845008.82
CCI,CROWN CASTLE INC,Real Estate,Equity,0.05,22796310.12
BIIB,BIOGEN,Health Care,Equity,0.05,22406328.78
CCL,CARNIVAL CORP LTD,Consumer Discretionary,Equity,0.05,22395907.38
ZTS,ZOETIS INC CLASS A,Health Care,Equity,0.05,22386613.2
KR,KROGER,Consumer Staples,Equity,0.05,22375686.75
JBL,JABIL,Information Technology,Equity,0.05,22369352.68
CNC,CENTENE CORP,Health Care,Equity,0.05,22290374.49
WTW,WILLIS TOWERS WATSON,Financials,Equity,0.05,22208098.88
ALNY,ALNYLAM PHARMACEUTICALS,Health Care,Equity,0.04,21860852.0
STLD,STEEL DYNAMICS INC,Materials,Equity,0.04,21806596.0
MLM,MARTIN MARIETTA MATERIALS,Materials,Equity,0.04,21795964.08
MDB,MONGODB CLASS A,Information Technology,Equity,0.04,21716326.14
IR,INGERSOLL RAND INC,Industrials,Equity,0.04,21476503.29
RJF,RAYMOND JAMES,Financials,Equity,0.04,21426489.54
CRWV,COREWEAVE CLASS A,Information Technology,Equity,0.04,21001034.21
SUNB,SUNBELT RENTALS HOLDINGS INC,Industrials,Equity,0.04,20934027.86
EXR,EXTRA SPACE STORAGE REIT,Real Estate,Equity,0.04,20721294.72
CASY,CASEYS GENERAL STORES INC,Consumer Staples,Equity,0.04,20628372.96
AEE,AMEREN,Utilities,Equity,0.04,20540598.0
FTI,TECHNIPFMC PLC,Energy,Equity,0.04,20519469.1
CFG,CITIZENS FINANCIAL GROUP INC,Financials,Equity,0.04,20431878.95
CTSH,COGNIZANT TECHNOLOGY SOLUTIONS CLA,Information Technology,Equity,0.04,20210915.9
LYV,LIVE NATION ENTERTAINMENT,Communication,Equity,0.04,20061542.88
TDY,TELEDYNE TECHNOLOGIES INC,Information Technology,Equity,0.04,19997687.84
LPLA,LPL FINANCIAL HOLDINGS,Financials,Equity,0.04,19934517.32
CPRT,COPART INC,Industrials,Equity,0.04,19923472.8
ATI,ATI,Industrials,Equity,0.04,19829824.74
DTE,DTE ENERGY,Utilities,Equity,0.04,19739764.53
ON,ON SEMICONDUCTOR CORP,Information Technology,Equity,0.04,19740551.32
HAL,HALLIBURTON,Energy,Equity,0.04,19685628.48
EIX,EDISON INTERNATIONAL,Utilities,Equity,0.04,19610510.43
TEAM,ATLASSIAN CORP CLASS A,Information Technology,Equity,0.04,19589523.13
MTD,METTLER TOLEDO,Health Care,Equity,0.04,19386850.98
VICI,VICI PPTYS INC,Real Estate,Equity,0.04,19361186.0
ATO,ATMOS ENERGY,Utilities,Equity,0.04,19188464.18
WSM,WILLIAMS SONOMA INC,Consumer Discretionary,Equity,0.04,19180545.12
ARES,ARES MANAGEMENT CLASS A,Financials,Equity,0.04,19171559.4
HPQ,HP INC,Information Technology,Equity,0.04,19117789.04
FISV,FISERV INC,Financials,Equity,0.04,19084981.5
OTIS,OTIS WORLDWIDE,Industrials,Equity,0.04,19075036.68
LH,LABCORP HOLDINGS,Health Care,Equity,0.04,18899357.4
DOV,DOVER CORP,Industrials,Equity,0.04,18717998.94
QSR,RESTAURANTS BRANDS INTERNATIONAL,Consumer Discretionary,Equity,0.04,18720498.66
DG,DOLLAR GENERAL CORP,Consumer Staples,Equity,0.04,18693500.56
ES,EVERSOURCE ENERGY,Utilities,Equity,0.04,18678277.05
HSY,HERSHEY FOODS,Consumer Staples,Equity,0.04,18658628.45
DGX,QUEST DIAGNOSTICS INC,Health Care,Equity,0.04,18555320.0
AWK,AMERICAN WATER WORKS,Utilities,Equity,0.04,18472056.48
XYL,XYLEM INC,Industrials,Equity,0.04,18461940.5
SYF,SYNCHRONY FINANCIAL,Financials,Equity,0.04,18384662.76
INSM,INSMED,Health Care,Equity,0.04,18341927.45
Q,QNITY ELECTRONICS,Information Technology,Equity,0.04,18229590.0
PPL,PPL CORP,Utilities,Equity,0.04,18107196.06
TPR,TAPESTRY,Consumer Discretionary,Equity,0.04,18074792.5
CINF,CINCINNATI FINANCIAL,Financials,Equity,0.04,18002850.06
RF,REGIONS FINANCIAL,Financials,Equity,0.04,17985410.8
CNP,CENTERPOINT ENERGY,Utilities,Equity,0.04,17949591.33
FE,FIRSTENERGY CORP,Utilities,Equity,0.04,17891234.72
EL,ESTEE LAUDER INC CLASS A,Consumer Staples,Equity,0.04,17797058.94
CPAY,CORPAY,Financials,Equity,0.04,17797897.41
SW,SMURFIT WESTROCK PLC,Materials,Equity,0.04,17773306.32
RPRX,ROYALTY PHARMA PLC CLASS A,Health Care,Equity,0.04,17542239.0
FICO,FAIR ISAAC,Information Technology,Equity,0.04,17539472.7
PPG,PPG INDUSTRIES,Materials,Equity,0.04,17511065.64
ZM,ZOOM COMMUNICATIONS CLASS A,Information Technology,Equity,0.04,17324489.71
EXPD,EXPEDITORS INTERNATIONAL OF WASHIN,Industrials,Equity,0.04,17286220.92
DRI,DARDEN RESTAURANTS INC,Consumer Discretionary,Equity,0.04,17180961.2
HUBB,HUBBELL INC,Industrials,Equity,0.04,17159747.2
NVT,NVENT ELECTRIC PLC,Industrials,Equity,0.04,17101223.41
OMC,OMNICOM GROUP INC,Communication,Equity,0.03,17073862.96
PHM,PULTEGROUP,Consumer Discretionary,Equity,0.03,16871392.5
VRSK,VERISK ANALYTICS,Industrials,Equity,0.03,16872416.83
DLTR,DOLLAR TREE INC,Consumer Staples,Equity,0.03,16800871.08
WST,WEST PHARMACEUTICAL SERVICES,Health Care,Equity,0.03,16779013.92
CHD,CHURCH AND DWIGHT INC,Consumer Staples,Equity,0.03,16713001.38
VLTO,VERALTO CORP,Industrials,Equity,0.03,16622060.63
PFG,PRINCIPAL FINANCIAL GROUP INC,Financials,Equity,0.03,16477140.82
VRSN,VERISIGN,Information Technology,Equity,0.03,16398357.31
RBLX,ROBLOX CORP CLASS A,Communication,Equity,0.03,16379615.52
SOFI,SOFI TECHNOLOGIES,Financials,Equity,0.03,16316853.0
USFD,US FOODS HOLDING,Consumer Staples,Equity,0.03,16314010.9
TROW,T ROWE PRICE GROUP,Financials,Equity,0.03,16264375.4
NRG,NRG ENERGY INC,Utilities,Equity,0.03,16210821.2
ULTA,ULTA BEAUTY INC,Consumer Discretionary,Equity,0.03,16197925.8
THC,TENET HEALTHCARE CORP,Health Care,Equity,0.03,16069453.33
CRS,CARPENTER TECHNOLOGY,Industrials,Equity,0.03,16052551.9
STE,STERIS,Health Care,Equity,0.03,15993339.96
CW,CURTISS WRIGHT,Industrials,Equity,0.03,15772690.52
FFIV,F5 INC,Information Technology,Equity,0.03,15647944.4
OKTA,OKTA CLASS A,Information Technology,Equity,0.03,15621889.14
MKL,MARKEL GROUP,Financials,Equity,0.03,15517676.79
RGLD,ROYAL GOLD,Materials,Equity,0.03,15497066.06
EFX,EQUIFAX,Industrials,Equity,0.03,15495386.4
FWONK,LIBERTY MEDIA FORMULA ONE SERIES C,Communication,Equity,0.03,15414711.1
IFF,INTERNATIONAL FLAVORS & FRAGRANCES,Materials,Equity,0.03,15403774.32
EXE,EXPAND ENERGY,Energy,Equity,0.03,15183121.68
CDE,COEUR MINING,Materials,Equity,0.03,15111555.2
XPO,XPO,Industrials,Equity,0.03,15077123.94
IP,INTERNATIONAL PAPER,Materials,Equity,0.03,15023824.98
TPL,TEXAS PACIFIC LAND,Energy,Equity,0.03,14993576.6
DOW,DOW,Materials,Equity,0.03,14930094.15
GH,GUARDANT HEALTH,Health Care,Equity,0.03,14921999.68
BRO,BROWN & BROWN INC,Financials,Equity,0.03,14797484.04
GIS,GENERAL MILLS INC,Consumer Staples,Equity,0.03,14785231.44
AMCR,AMCOR PLC,Materials,Equity,0.03,14781242.1
ENTG,ENTEGRIS INC,Information Technology,Equity,0.03,14763699.64
AFRM,AFFIRM HOLDINGS CLASS A,Financials,Equity,0.03,14718550.0
UTHR,UNITED THERAPEUTICS,Health Care,Equity,0.03,14685078.96
PKG,PACKAGING CORP OF AMERICA,Materials,Equity,0.03,14676966.64
GPN,GLOBAL PAYMENTS INC,Financials,Equity,0.03,14670947.2
FIS,FIDELITY NATIONAL INFORMATION SERV,Financials,Equity,0.03,14613331.2
KHC,KRAFT HEINZ,Consumer Staples,Equity,0.03,14584527.17
INCY,INCYTE CORP,Health Care,Equity,0.03,14576468.64
CMS,CMS ENERGY,Utilities,Equity,0.03,14546399.91
FSLR,FIRST SOLAR,Information Technology,Equity,0.03,14405215.36
BR,BROADRIDGE FINANCIAL SOLUTIONS INC,Industrials,Equity,0.03,14322247.2
SMCI,SUPER MICRO COMPUTER INC,Information Technology,Equity,0.03,14292140.55
WWD,WOODWARD,Industrials,Equity,0.03,14253221.55
ROKU,ROKU CLASS A,Communication,Equity,0.03,14246562.2
RDDT,REDDIT CLASS A,Communication,Equity,0.03,14249308.48
KEY,KEYCORP,Financials,Equity,0.03,14144712.98
CPNG,COUPANG CLASS A,Consumer Discretionary,Equity,0.03,14130885.39
FTAI,FTAI AVIATION,Industrials,Equity,0.03,14005775.49
SNA,SNAP ON INC,Industrials,Equity,0.03,13821969.52
BAM,BROOKFIELD ASSET MANAGEMENT VOTING,Financials,Equity,0.03,13705519.17
SCCO,SOUTHERN COPPER CORP,Materials,Equity,0.03,13667388.75
RS,RELIANCE STEEL & ALUMINUM,Materials,Equity,0.03,13668695.04
VTRS,VIATRIS,Health Care,Equity,0.03,13634143.8
JBHT,JB HUNT TRANSPORT SERVICES,Industrials,Equity,0.03,13601714.88
NI,NISOURCE,Utilities,Equity,0.03,13596138.45
BURL,BURLINGTON STORES,Consumer Discretionary,Equity,0.03,13502197.98
ZBH,ZIMMER BIOMET HOLDINGS,Health Care,Equity,0.03,13467217.82
SNX,TD SYNNEX,Information Technology,Equity,0.03,13434445.33
SBAC,SBA COMMUNICATIONS REIT CORP CLASS,Real Estate,Equity,0.03,13414737.4
GPC,GENUINE PARTS,Consumer Discretionary,Equity,0.03,13299674.05
HEIA,HEICO CLASS A,Industrials,Equity,0.03,13226416.32
CF,CF INDUSTRIES HOLDINGS INC,Materials,Equity,0.03,13216475.1
EVRG,EVERGY,Utilities,Equity,0.03,13067333.76
LUV,SOUTHWEST AIRLINES,Industrials,Equity,0.03,12957787.36
DD,DUPONT DE NEMOURS,Industrials,Equity,0.03,12937556.72
ITT,ITT INC,Industrials,Equity,0.03,12873955.2
L,LOEWS,Financials,Equity,0.03,12729996.96
STZ,CONSTELLATION BRANDS CLASS A,Consumer Staples,Equity,0.03,12732280.55
ESS,ESSEX PROPERTY TRUST REIT,Real Estate,Equity,0.03,12710602.36
PTC,PTC,Information Technology,Equity,0.03,12587117.03
TSCO,TRACTOR SUPPLY,Consumer Discretionary,Equity,0.03,12584449.53
FTV,FORTIVE,Industrials,Equity,0.03,12578874.5
OVV,OVINTIV,Energy,Equity,0.03,12516492.88
MTSI,MACOM TECHNOLOGY SOLUTIONS,Information Technology,Equity,0.03,12505005.58
MKSI,MKS,Information Technology,Equity,0.03,12502402.25
CDW,CDW,Information Technology,Equity,0.03,12396564.18
CHRW,CH ROBINSON WORLDWIDE,Industrials,Equity,0.03,12362505.21
LEN,LENNAR A CORP CLASS A,Consumer Discretionary,Equity,0.03,12365974.95
ROIV,ROIVANT SCIENCES LTD,Health Care,Equity,0.03,12337379.25
PR,PERMIAN RESOURCES CLASS A,Energy,Equity,0.03,12328543.5
EWBC,EAST WEST BANCORP,Financials,Equity,0.03,12291592.77
LNT,ALLIANT ENERGY CORP,Utilities,Equity,0.03,12239571.72
ZS,ZSCALER,Information Technology,Equity,0.03,12214973.82
JLL,JONES LANG LASALLE,Real Estate,Equity,0.02,12174260.64
INVH,INVITATION HOMES,Real Estate,Equity,0.02,12150195.33
J,JACOBS SOLUTIONS INC,Industrials,Equity,0.02,12113872.48
TOST,TOAST CLASS A,Financials,Equity,0.02,12109597.44
NDSN,NORDSON,Industrials,Equity,0.02,12099751.12
FCNCA,FIRST CITIZENS BANCSHARES CLASS A,Financials,Equity,0.02,12007368.3
IEX,IDEX,Industrials,Equity,0.02,11928653.76
WY,WEYERHAEUSER REIT,Real Estate,Equity,0.02,11850418.16
ZBRA,ZEBRA TECHNOLOGIES CORP CLASS A,Information Technology,Equity,0.02,11843773.76
SSNC,SS AND C TECHNOLOGIES HOLDINGS,Industrials,Equity,0.02,11772586.65
LDOS,LEIDOS HOLDINGS,Industrials,Equity,0.02,11750402.43
WCC,WESCO INTERNATIONAL,Industrials,Equity,0.02,11707863.2
BALL,BALL CORP,Materials,Equity,0.02,11694569.25
BBY,BEST BUY,Consumer Discretionary,Equity,0.02,11648057.28
NTNX,NUTANIX CLASS A,Information Technology,Equity,0.02,11566444.76
NLY,ANNALY CAPITAL MANAGEMENT REIT INC,Financials,Equity,0.02,11528480.88
CHTR,CHARTER COMMUNICATIONS CLASS A,Communication,Equity,0.02,11455109.93
NVR,NVR,Consumer Discretionary,Equity,0.02,11418039.16
TRU,TRANSUNION,Industrials,Equity,0.02,11306269.0
LSCC,LATTICE SEMICONDUCTOR,Information Technology,Equity,0.02,11271304.98
RGA,REINSURANCE GROUP OF AMERICA,Financials,Equity,0.02,11187945.9
GEN,GEN DIGITAL,Information Technology,Equity,0.02,11138978.76
GWRE,GUIDEWIRE SOFTWARE,Information Technology,Equity,0.02,11140909.56
CRCL,CIRCLE INTERNET GROUP CLASS A,Information Technology,Equity,0.02,11030518.44
LYB,LYONDELLBASELL INDUSTRIES CLASS A,Materials,Equity,0.02,11001770.42
RBC,RBC BEARINGS,Industrials,Equity,0.02,10986709.15
U,UNITY SOFTWARE,Information Technology,Equity,0.02,10977082.34
KIM,KIMCO REALTY REIT CORP,Real Estate,Equity,0.02,10966450.95
RBA,RB GLOBAL,Industrials,Equity,0.02,10920678.4
VIK,VIKING HOLDINGS LTD,Consumer Discretionary,Equity,0.02,10884034.28
ALB,ALBEMARLE CORP,Materials,Equity,0.02,10885221.75
CLH,CLEAN HARBORS INC,Industrials,Equity,0.02,10874311.56
APG,API GROUP,Industrials,Equity,0.02,10783935.18
ARMK,ARAMARK,Consumer Discretionary,Equity,0.02,10774369.92
SN,SHARKNINJA,Consumer Discretionary,Equity,0.02,10769598.9
FN,FABRINET,Information Technology,Equity,0.02,10745801.0
WPC,W. P. CAREY REIT,Real Estate,Equity,0.02,10732550.6
WRB,WR BERKLEY,Financials,Equity,0.02,10698854.67
SWK,STANLEY BLACK & DECKER INC,Industrials,Equity,0.02,10699858.56
AKAM,AKAMAI TECHNOLOGIES INC,Information Technology,Equity,0.02,10686701.76
NBIX,NEUROCRINE BIOSCIENCES,Health Care,Equity,0.02,10656419.27
MDLN,MEDLINE CLASS A,Health Care,Equity,0.02,10643620.26
MTZ,MASTEC INC,Industrials,Equity,0.02,10635694.8
TSN,TYSON FOODS INC CLASS A,Consumer Staples,Equity,0.02,10626423.6
SUI,SUN COMMUNITIES REIT INC,Real Estate,Equity,0.02,10614340.48
IONQ,IONQ,Information Technology,Equity,0.02,10598663.04
HST,HOST HOTELS & RESORTS REIT,Real Estate,Equity,0.02,10587834.77
PFGC,PERFORMANCE FOOD GROUP,Consumer Staples,Equity,0.02,10576645.99
LECO,LINCOLN ELECTRIC HOLDINGS,Industrials,Equity,0.02,10571972.8
DT,DYNATRACE INC,Information Technology,Equity,0.02,10554367.2
ASTS,AST SPACEMOBILE CLASS A,Communication,Equity,0.02,10517562.72
MAA,MID AMERICA APARTMENT COMMUNITIES,Real Estate,Equity,0.02,10410855.0
BG,BUNGE GLOBAL SA,Consumer Staples,Equity,0.02,10398954.75
DOC,HEALTHPEAK PROPERTIES INC,Real Estate,Equity,0.02,10319556.0
EG,EVEREST GROUP,Financials,Equity,0.02,10299633.6
STRL,STERLING INFRASTRUCTURE,Industrials,Equity,0.02,10252117.51
DINO,HF SINCLAIR,Energy,Equity,0.02,10245308.44
PNFP,PINNACLE FINANCIAL PARTNERS,Financials,Equity,0.02,10236419.76
RBRK,RUBRIK CLASS A,Information Technology,Equity,0.02,10220733.86
MAS,MASCO,Industrials,Equity,0.02,10188374.4
TYL,TYLER TECHNOLOGIES,Information Technology,Equity,0.02,10182768.75
JAZZ,JAZZ PHARMACEUTICALS PLC,Health Care,Equity,0.02,10161060.4
AIZ,ASSURANT INC,Financials,Equity,0.02,10102177.65
HEI,HEICO,Industrials,Equity,0.02,10106195.4
CSL,CARLISLE COMPANIES,Industrials,Equity,0.02,10055837.12
RIVN,RIVIAN AUTOMOTIVE INC CLASS A,Consumer Discretionary,Equity,0.02,10003186.45
APA,APA,Energy,Equity,0.02,9988698.57
UNM,UNUM,Financials,Equity,0.02,9942836.03
CRL,CHARLES RIVER LABORATORIES INTERNA,Health Care,Equity,0.02,9935131.7
TXT,TEXTRON INC,Industrials,Equity,0.02,9882898.68
ONTO,ONTO INNOVATION,Information Technology,Equity,0.02,9848906.84
EQH,EQUITABLE HOLDINGS,Financials,Equity,0.02,9809977.57
MEDP,MEDPACE HOLDINGS,Health Care,Equity,0.02,9811323.45
AVY,AVERY DENNISON CORP,Materials,Equity,0.02,9773799.65
FDXF,FEDEX FREIGHT HOLDING COMPANY INC,Industrials,Equity,0.02,9753229.73
COO,COOPER,Health Care,Equity,0.02,9692968.2
FIVE,FIVE BELOW,Consumer Discretionary,Equity,0.02,9693345.1
RVTY,REVVITY,Health Care,Equity,0.02,9676893.8
MKC,MCCORMICK & CO NON-VOTING,Consumer Staples,Equity,0.02,9662556.4
BMNR,BITMINE IMMERSION TECHNOLOGIES,Information Technology,Equity,0.02,9632846.46
OHI,OMEGA HEALTHCARE INVESTORS REIT,Real Estate,Equity,0.02,9613678.69
EXEL,EXELIXIS INC,Health Care,Equity,0.02,9594951.3
RNR,RENAISSANCERE HOLDING,Financials,Equity,0.02,9598607.55
TLN,TALEN ENERGY CORP,Utilities,Equity,0.02,9589633.61
TOL,TOLL BROTHERS INC,Consumer Discretionary,Equity,0.02,9580429.72
MLI,MUELLER INDUSTRIES INC,Industrials,Equity,0.02,9577781.28
BWXT,BWX TECHNOLOGIES INC,Industrials,Equity,0.02,9557030.84
FLUT,FLUTTER ENTERTAINMENT PLC,Consumer Discretionary,Equity,0.02,9526627.06
REG,REGENCY CENTERS REIT CORP,Real Estate,Equity,0.02,9509004.48
FOXA,FOX CLASS A,Communication,Equity,0.02,9479450.4
TRMB,TRIMBLE INC,Information Technology,Equity,0.02,9468888.48
CACI,CACI INTERNATIONAL INC CLASS A,Industrials,Equity,0.02,9451066.72
ALLE,ALLEGION PLC,Industrials,Equity,0.02,9417892.52
GL,GLOBE LIFE,Financials,Equity,0.02,9401404.7
IOT,SAMSARA CLASS A,Information Technology,Equity,0.02,9394949.28
TXRH,TEXAS ROADHOUSE INC,Consumer Discretionary,Equity,0.02,9359315.28
RPM,RPM INTERNATIONAL INC,Materials,Equity,0.02,9343324.0
BAX,BAXTER INTERNATIONAL,Health Care,Equity,0.02,9339527.5
SOLV,SOLVENTUM,Health Care,Equity,0.02,9320225.31
HAS,HASBRO,Consumer Discretionary,Equity,0.02,9298532.72
RKT,ROCKET COMPANIES INC CLASS A,Financials,Equity,0.02,9282892.6
SJM,JM SMUCKER,Consumer Staples,Equity,0.02,9281726.3
RL,RALPH LAUREN CLASS A,Consumer Discretionary,Equity,0.02,9261261.52
DTM,DT MIDSTREAM INC,Energy,Equity,0.02,9242809.44
BBIO,BRIDGEBIO PHARMA,Health Care,Equity,0.02,9205015.12
CCK,CROWN HOLDINGS INC,Materials,Equity,0.02,9105214.04
GGG,GRACO,Industrials,Equity,0.02,9096767.6
BWA,BORGWARNER,Consumer Discretionary,Equity,0.02,9093149.85
SITM,SITIME,Information Technology,Equity,0.02,9085883.4
QXO,QXO INC,Industrials,Equity,0.02,9080669.88
HL,HECLA MINING,Materials,Equity,0.02,8980281.0
SMTC,SEMTECH,Information Technology,Equity,0.02,8955443.2
AA,ALCOA CORP,Materials,Equity,0.02,8926281.32
CSGP,COSTAR GROUP,Real Estate,Equity,0.02,8911168.54
LAMR,LAMAR ADVERTISING COMPANY CLAS,Real Estate,Equity,0.02,8897669.1
MANH,MANHATTAN ASSOCIATES,Information Technology,Equity,0.02,8889918.42
NXT,NEXTPOWER INC,Industrials,Equity,0.02,8855938.52
CG,CARLYLE GROUP INC,Financials,Equity,0.02,8831133.36
IREN,IREN,Information Technology,Equity,0.02,8771482.12
JKHY,JACK HENRY AND ASSOCIATES INC,Financials,Equity,0.02,8773271.88
LVS,LAS VEGAS SANDS,Consumer Discretionary,Equity,0.02,8750368.17
SGI,SOMNIGROUP INTERNATIONAL,Consumer Discretionary,Equity,0.02,8751465.04
TW,TRADEWEB MARKETS INC CLASS A,Financials,Equity,0.02,8690570.85
LII,LENNOX INTERNATIONAL INC,Industrials,Equity,0.02,8656721.64
DECK,DECKERS OUTDOOR,Consumer Discretionary,Equity,0.02,8644680.87
IT,GARTNER,Information Technology,Equity,0.02,8638626.24
GDDY,GODADDY CLASS A,Information Technology,Equity,0.02,8635096.28
AIT,APPLIED INDUSTRIAL TECHNOLOGIES,Industrials,Equity,0.02,8632227.52
CLX,CLOROX,Consumer Staples,Equity,0.02,8610440.3
HALO,HALOZYME THERAPEUTICS,Health Care,Equity,0.02,8595097.98
ASND,ASCENDIS PHARMA,Health Care,Equity,0.02,8543785.25
AGNC,AGNC INVESTMENT REIT,Financials,Equity,0.02,8526646.94
TTMI,TTM TECHNOLOGIES INC,Information Technology,Equity,0.02,8507681.9
BMRN,BIOMARIN PHARMACEUTICAL,Health Care,Equity,0.02,8504302.59
FNF,FIDELITY NATIONAL FINANCIAL INC,Financials,Equity,0.02,8493744.68
ELS,EQUITY LIFESTYLE PROPERTIES REIT I,Real Estate,Equity,0.02,8475679.65
ELAN,ELANCO ANIMAL HEALTH,Health Care,Equity,0.02,8456323.92
UDR,UDR REIT,Real Estate,Equity,0.02,8403391.5
PEN,PENUMBRA,Health Care,Equity,0.02,8387347.15
SF,STIFEL FINANCIAL,Financials,Equity,0.02,8311394.54
HUBS,HUBSPOT,Information Technology,Equity,0.02,8308468.6
BJ,BJS WHOLESALE CLUB HOLDINGS,Consumer Staples,Equity,0.02,8264651.49
ARWR,ARROWHEAD PHARMACEUTICALS,Health Care,Equity,0.02,8258304.8
GNRC,GENERAC HOLDINGS,Industrials,Equity,0.02,8232154.04
DKNG,DRAFTKINGS CLASS A,Consumer Discretionary,Equity,0.02,8207235.12
EHC,ENCOMPASS HEALTH,Health Care,Equity,0.02,8183690.46
ALLY,ALLY FINANCIAL INC,Financials,Equity,0.02,8150068.44
PNW,PINNACLE WEST,Utilities,Equity,0.02,8109949.44
IVZ,INVESCO LTD,Financials,Equity,0.02,8088180.1
ECHO,ECHOSTAR CLASS A,Communication,Equity,0.02,8068314.45
WTRG,ESSENTIAL UTILITIES INC,Utilities,Equity,0.02,8002981.44
AMH,AMERICAN HOMES RENT REIT CLASS A,Real Estate,Equity,0.02,7996548.56
TKO,TKO GROUP HOLDINGS INC CLASS A,Communication,Equity,0.02,7979173.5
GLPI,GAMING AND LEISURE PROPERTIES REIT,Real Estate,Equity,0.02,7976468.61
LULU,LULULEMON ATHLETICA,Consumer Discretionary,Equity,0.02,7965670.05
HII,HUNTINGTON INGALLS INDUSTRIES,Industrials,Equity,0.02,7966342.8
OC,OWENS CORNING,Industrials,Equity,0.02,7968442.77
FHN,FIRST HORIZON,Financials,Equity,0.02,7956281.97
TECH,BIO TECHNE,Health Care,Equity,0.02,7933354.66
DOCU,DOCUSIGN,Information Technology,Equity,0.02,7882049.83
NWSA,NEWS CLASS A,Communication,Equity,0.02,7871084.64
SCI,SERVICE,Consumer Discretionary,Equity,0.02,7852910.88
PINS,PINTEREST CLASS A,Communication,Equity,0.02,7831717.11
SEIC,SEI INVESTMENTS,Financials,Equity,0.02,7803232.42
CORT,CORCEPT THERAPEUTICS,Health Care,Equity,0.02,7755852.0
AR,ANTERO RESOURCES,Energy,Equity,0.02,7673210.97
DCI,DONALDSON,Industrials,Equity,0.02,7640819.48
ROL,ROLLINS INC,Industrials,Equity,0.02,7619580.6
COKE,COCA COLA CONSOLIDATED INC,Consumer Staples,Equity,0.02,7598599.28
BXP,BXP,Real Estate,Equity,0.02,7591626.7
BPOP,POPULAR,Financials,Equity,0.02,7582393.0
RRX,REGAL REXNORD,Industrials,Equity,0.02,7563251.01
WSO,WATSCO,Industrials,Equity,0.02,7539700.98
AHR,AMERICAN HEALTHCARE REIT,Real Estate,Equity,0.02,7486016.56
KNX,KNIGHT-SWIFT TRANSPORTATION HOLDIN,Industrials,Equity,0.02,7436981.5
W,WAYFAIR CLASS A,Consumer Discretionary,Equity,0.02,7423104.0
ALSN,ALLISON TRANSMISSION HOLDINGS,Industrials,Equity,0.02,7424038.22
EVR,EVERCORE CLASS A,Financials,Equity,0.02,7385748.48
GFL,GFL ENVIRONMENTAL SUBORDINATE VOTI,Industrials,Equity,0.02,7371488.0
AEIS,ADVANCED ENERGY INDUSTRIES,Information Technology,Equity,0.02,7330687.88
FDS,FACTSET RESEARCH SYSTEMS,Financials,Equity,0.02,7333955.35
ALGN,ALIGN TECHNOLOGY,Health Care,Equity,0.01,7289248.56
AYI,ACUITY,Industrials,Equity,0.01,7282019.55
CPT,CAMDEN PROPERTY TRUST REIT,Real Estate,Equity,0.01,7273575.12
FLS,FLOWSERVE,Industrials,Equity,0.01,7247980.8
EGP,EASTGROUP PROPERTIES REIT,Real Estate,Equity,0.01,7232898.72
NYT,NEW YORK TIMES CLASS A,Communication,Equity,0.01,7228778.26
ARW,ARROW ELECTRONICS,Information Technology,Equity,0.01,7230275.2
LFUS,LITTELFUSE,Information Technology,Equity,0.01,7191516.0
IONS,IONIS PHARMACEUTICALS,Health Care,Equity,0.01,7150872.96
AES,AES,Utilities,Equity,0.01,7153388.82
MOH,MOLINA HEALTHCARE INC,Health Care,Equity,0.01,7122701.98
SSB,SOUTHSTATE BANK CORP,Financials,Equity,0.01,7072940.0
WTS,WATTS WATER TECHNOLOGIES CLASS A,Industrials,Equity,0.01,7067814.74
CGNX,COGNEX,Information Technology,Equity,0.01,7064964.96
DPZ,DOMINOS PIZZA,Consumer Discretionary,Equity,0.01,7041772.72
CR,CRANE,Industrials,Equity,0.01,7015102.4
CNH,CNH INDUSTRIAL N.V.,Industrials,Equity,0.01,7005860.68
ENSG,ENSIGN GROUP,Health Care,Equity,0.01,6997967.46
WTFC,WINTRUST FINANCIAL CORP,Financials,Equity,0.01,6988708.8
ZION,ZIONS BANCORPORATION,Financials,Equity,0.01,6976086.88
PODD,INSULET,Health Care,Equity,0.01,6947191.14
FRT,FEDERAL REALTY INVESTMENT TRUST RE,Real Estate,Equity,0.01,6930400.36
SANM,SANMINA,Information Technology,Equity,0.01,6914459.76
WMS,ADVANCED DRAINAGE SYSTEMS INC,Industrials,Equity,0.01,6878068.12
PNR,PENTAIR,Industrials,Equity,0.01,6875375.36
SPXC,SPX TECHNOLOGIES INC,Industrials,Equity,0.01,6867372.03
MTCH,MATCH GROUP INC,Communication,Equity,0.01,6864393.62
DAR,DARLING INGREDIENTS,Consumer Staples,Equity,0.01,6821625.0
SWKS,SKYWORKS SOLUTIONS,Information Technology,Equity,0.01,6809563.3
OSK,OSHKOSH CORP,Industrials,Equity,0.01,6733214.88
RRC,RANGE RESOURCES,Energy,Equity,0.01,6726945.0
APTV,APTIV PLC,Consumer Discretionary,Equity,0.01,6719792.1
KTOS,KRATOS DEFENSE AND SECURITY SOLUTI,Industrials,Equity,0.01,6715123.24
MOD,MODINE MANUFACTURING,Industrials,Equity,0.01,6682676.7
ORI,OLD REPUBLIC INTERNATIONAL,Financials,Equity,0.01,6684304.35
TTEK,TETRA TECH,Industrials,Equity,0.01,6663661.03
RMBS,RAMBUS,Information Technology,Equity,0.01,6638632.14
MDGL,MADRIGAL PHARMACEUTICALS,Health Care,Equity,0.01,6628762.88
CFR,CULLEN FROST BANKERS INC,Financials,Equity,0.01,6616680.02
AFG,AMERICAN FINANCIAL GROUP,Financials,Equity,0.01,6597584.7
AVTR,AVANTOR,Health Care,Equity,0.01,6595803.5
TTC,TORO,Industrials,Equity,0.01,6577641.45
OGE,OGE ENERGY,Utilities,Equity,0.01,6566575.75
RGEN,REPLIGEN,Health Care,Equity,0.01,6535875.0
PAYC,PAYCOM SOFTWARE,Industrials,Equity,0.01,6527911.0
BEN,FRANKLIN TEMPLETON,Financials,Equity,0.01,6507728.82
AMG,AFFILIATED MANAGERS GROUP,Financials,Equity,0.01,6477913.2
UHS,UNIVERSAL HEALTH SERVICES INC CLAS,Health Care,Equity,0.01,6480014.16
PRI,PRIMERICA,Financials,Equity,0.01,6468617.56
R,RYDER SYSTEM,Industrials,Equity,0.01,6426981.8
VOYA,VOYA FINANCIAL,Financials,Equity,0.01,6427075.84
GMED,GLOBUS MEDICAL CLASS A,Health Care,Equity,0.01,6428865.3
DOCN,DIGITALOCEAN HOLDINGS,Information Technology,Equity,0.01,6395398.83
SAIA,SAIA INC,Industrials,Equity,0.01,6335421.3
DY,DYCOM INDUSTRIES INC,Industrials,Equity,0.01,6330127.6
AAL,AMERICAN AIRLINES GROUP,Industrials,Equity,0.01,6319537.76
KMX,CARMAX INC,Consumer Discretionary,Equity,0.01,6267619.68
BRX,BRIXMOR PROPERTY GROUP REIT INC,Real Estate,Equity,0.01,6268928.12
MUSA,MURPHY USA,Consumer Discretionary,Equity,0.01,6262187.56
ARE,ALEXANDRIA REAL ESTATE EQUITIES RE,Real Estate,Equity,0.01,6264232.2
CUBE,CUBESMART REIT,Real Estate,Equity,0.01,6230394.94
SOLS,SOLSTICE ADVANCED MATERIALS INC,Materials,Equity,0.01,6197486.91
BAH,BOOZ ALLEN HAMILTON HOLDING CLASS,Industrials,Equity,0.01,6199782.4
VMI,VALMONT INDS,Industrials,Equity,0.01,6186907.58
VIAV,VIAVI SOLUTIONS,Information Technology,Equity,0.01,6152796.02
QGEN,QIAGEN,Health Care,Equity,0.01,6131537.6
AXSM,AXSOME THERAPEUTICS,Health Care,Equity,0.01,6125218.35
HSIC,HENRY SCHEIN,Health Care,Equity,0.01,6113032.06
COLB,COLUMBIA BANKING SYSTEM INC,Financials,Equity,0.01,6038507.3
ADC,AGREE REALTY REIT,Real Estate,Equity,0.01,6026206.0
AAOI,APPLIED OPTOELECTRONICS,Information Technology,Equity,0.01,6020292.96
TIGO,MILLICOM INTERNATIONAL CELLULAR,Communication,Equity,0.01,5961823.84
CHYM,CHIME FINANCIAL CLASS A,Financials,Equity,0.01,5907263.7
WAL,WESTERN ALLIANCE,Financials,Equity,0.01,5875276.0
FOX,FOX CLASS B,Communication,Equity,0.01,5876005.52
ATR,APTARGROUP,Materials,Equity,0.01,5876854.2
NNN,NNN REIT,Real Estate,Equity,0.01,5852561.82
MP,MP MATERIALS CLASS A,Materials,Equity,0.01,5845534.29
KNSL,KINSALE CAPITAL GROUP INC,Financials,Equity,0.01,5849147.17
UGI,UGI,Utilities,Equity,0.01,5837901.95
PB,PROSPERITY BANCSHARES,Financials,Equity,0.01,5774050.8
EMN,EASTMAN CHEMICAL,Materials,Equity,0.01,5771242.62
REXR,REXFORD INDUSTRIAL REALTY REIT,Real Estate,Equity,0.01,5761420.22
FORM,FORMFACTOR INC,Information Technology,Equity,0.01,5753190.1
FR,FIRST INDUSTRIAL REALTY TRUST,Real Estate,Equity,0.01,5737169.34
ACM,AECOM,Industrials,Equity,0.01,5729484.67
VNOM,VIPER ENERGY INC CLASS A,Energy,Equity,0.01,5706864.21
LAD,LITHIA MOTORS INC CLASS A,Consumer Discretionary,Equity,0.01,5692907.0
DKS,DICKS SPORTING,Consumer Discretionary,Equity,0.01,5664845.4
ESI,ELEMENT SOLUTIONS INC,Materials,Equity,0.01,5635977.36
TKR,TIMKEN,Industrials,Equity,0.01,5639788.05
JEF,JEFFERIES FINANCIAL GROUP INC,Financials,Equity,0.01,5607605.85
SFM,SPROUTS FARMERS MARKET INC,Consumer Staples,Equity,0.01,5573965.02
QRVO,QORVO,Information Technology,Equity,0.01,5571391.0
MGM,MGM RESORTS INTERNATIONAL,Consumer Discretionary,Equity,0.01,5545713.3
CNM,CORE & MAIN INC CLASS A,Industrials,Equity,0.01,5547239.85
AXTA,AXALTA COATING SYSTEMS,Materials,Equity,0.01,5498419.29
CRBG,COREBRIDGE FINANCIAL INC,Financials,Equity,0.01,5492885.68
NFG,NATIONAL FUEL GAS,Utilities,Equity,0.01,5449095.36
LNC,LINCOLN NATIONAL CORP,Financials,Equity,0.01,5404689.84
THG,HANOVER INSURANCE GROUP,Financials,Equity,0.01,5405551.06
CHRD,CHORD ENERGY,Energy,Equity,0.01,5380535.16
OWL,BLUE OWL CAPITAL CLASS A,Financials,Equity,0.01,5339098.8
CART,MAPLEBEAR,Consumer Staples,Equity,0.01,5334860.83
CAG,CONAGRA BRANDS,Consumer Staples,Equity,0.01,5336094.48
MOS,MOSAIC,Materials,Equity,0.01,5337765.44
CBSH,COMMERCE BANCSHARES,Financials,Equity,0.01,5326015.5
AM,ANTERO MIDSTREAM,Energy,Equity,0.01,5280683.58
AWI,ARMSTRONG WORLD INDUSTRIES,Industrials,Equity,0.01,5264065.8
TPG,TPG INC CLASS A,Financials,Equity,0.01,5259302.4
NCLH,NORWEGIAN CRUISE LINE HOLDINGS,Consumer Discretionary,Equity,0.01,5244972.27
PCOR,PROCORE TECHNOLOGIES INC,Information Technology,Equity,0.01,5245082.28
ETSY,ETSY,Consumer Discretionary,Equity,0.01,5200544.02
LW,LAMB WESTON HOLDINGS,Consumer Staples,Equity,0.01,5189853.42
SSD,SIMPSON MANUFACTURING,Industrials,Equity,0.01,5183772.83
AXS,AXIS CAPITAL HOLDINGS,Financials,Equity,0.01,5151615.11
WYNN,WYNN RESORTS,Consumer Discretionary,Equity,0.01,5122705.23
IDA,IDACORP,Utilities,Equity,0.01,5085946.6
KEX,KIRBY CORP,Industrials,Equity,0.01,5079373.74
OMF,ONEMAIN HOLDINGS,Financials,Equity,0.01,5068139.53
TEM,TEMPUS AI CLASS A,Health Care,Equity,0.01,5052112.0
GME,GAMESTOP CLASS A,Consumer Discretionary,Equity,0.01,5052822.57
AVT,AVNET INC,Information Technology,Equity,0.01,5043509.11
RAL,RALLIANT,Information Technology,Equity,0.01,5031334.96
XP,XP CLASS A INC,Financials,Equity,0.01,5018573.04
AOS,A O SMITH,Industrials,Equity,0.01,4978156.48
NOV,NOV,Energy,Equity,0.01,4938709.44
WEX,WEX,Financials,Equity,0.01,4940074.66
BLDR,BUILDERS FIRSTSOURCE INC,Industrials,Equity,0.01,4935450.24
FAF,FIRST AMERICAN FINANCIAL CORP,Financials,Equity,0.01,4925847.0
CHE,CHEMED CORP,Health Care,Equity,0.01,4895349.44
HLI,HOULIHAN LOKEY INC CLASS A,Financials,Equity,0.01,4863216.6
HXL,HEXCEL,Industrials,Equity,0.01,4859345.13
BIO,BIO RAD LABORATORIES CLASS A,Health Care,Equity,0.01,4836236.16
H,HYATT HOTELS CORP CLASS A,Consumer Discretionary,Equity,0.01,4820847.93
HRB,H&R BLOCK INC,Consumer Discretionary,Equity,0.01,4814143.34
VNO,VORNADO REALTY TRUST REIT,Real Estate,Equity,0.01,4788746.7
HRL,HORMEL FOODS CORP,Consumer Staples,Equity,0.01,4781619.41
ESTC,ELASTIC,Information Technology,Equity,0.01,4779250.5
STAG,STAG INDUSTRIAL REIT,Real Estate,Equity,0.01,4771867.1
MSA,MSA SAFETY,Industrials,Equity,0.01,4709273.36
APLD,APPLIED DIGITAL,Information Technology,Equity,0.01,4695774.33
GTES,GATES INDUSTRIAL PLC,Industrials,Equity,0.01,4669863.66
LKQ,LKQ CORP,Consumer Discretionary,Equity,0.01,4655806.0
CAVA,CAVA GROUP,Consumer Discretionary,Equity,0.01,4656070.08
AUR,AURORA INNOVATION CLASS A,Information Technology,Equity,0.01,4648550.4
PATH,UIPATH INC CLASS A,Information Technology,Equity,0.01,4621469.44
PCTY,PAYLOCITY HOLDING CORP,Industrials,Equity,0.01,4612589.52
INGR,INGREDION INC,Consumer Staples,Equity,0.01,4607931.56
AGCO,AGCO,Industrials,Equity,0.01,4576079.64
DOX,AMDOCS,Information Technology,Equity,0.01,4513125.0
S,SENTINELONE INC CLASS A,Information Technology,Equity,0.01,4514702.22
MHK,MOHAWK INDUSTRIES,Consumer Discretionary,Equity,0.01,4499595.48
LYFT,LYFT CLASS A,Industrials,Equity,0.01,4490637.09
MTDR,MATADOR RESOURCES,Energy,Equity,0.01,4483537.5
CLF,CLEVELAND CLIFFS INC,Materials,Equity,0.01,4471080.68
MTG,MGIC INVESTMENT,Financials,Equity,0.01,4458105.33
ONON,ON HOLDING AG CLASS A,Consumer Discretionary,Equity,0.01,4437581.68
TAP,MOLSON COORS BREWING CLASS B,Consumer Staples,Equity,0.01,4421849.13
MSGS,MADISON SQUARE GARDEN SPORTS CLASS,Communication,Equity,0.01,4410044.6
FNB,FNB CORP,Financials,Equity,0.01,4399867.16
WFRD,WEATHERFORD INTERNATIONAL PLC,Energy,Equity,0.01,4392432.0
HR,HEALTHCARE REALTY TRUST INC CLASS,Real Estate,Equity,0.01,4355206.02
BRKR,BRUKER,Health Care,Equity,0.01,4348200.24
ECG,EVERUS CONSTRUCTION GROUP,Industrials,Equity,0.01,4336911.02
EXP,EAGLE MATERIALS INC,Materials,Equity,0.01,4320527.52
POOL,POOL,Consumer Discretionary,Equity,0.01,4293556.96
RYN,RAYONIER REIT,Real Estate,Equity,0.01,4296102.9
LEA,LEAR,Consumer Discretionary,Equity,0.01,4277061.92
TFX,TELEFLEX,Health Care,Equity,0.01,4272220.82
M,MACYS INC,Consumer Discretionary,Equity,0.01,4258075.08
ELF,ELF BEAUTY,Consumer Staples,Equity,0.01,4244141.72
UHALB,U HAUL NON VOTING SERIES N,Industrials,Equity,0.01,4200765.66
LSTR,LANDSTAR SYSTEM,Industrials,Equity,0.01,4203644.72
CZR,CAESARS ENTERTAINMENT INC,Consumer Discretionary,Equity,0.01,4200241.58
MBGL,MOBILITY GLOBAL INC,Industrials,Equity,0.01,4184247.15
PRMB,PRIMO BRANDS CLASS A CORP,Consumer Staples,Equity,0.01,4175534.94
AMKR,AMKOR TECHNOLOGY,Information Technology,Equity,0.01,4165207.2
ST,SENSATA TECHNOLOGIES HOLDING PLC,Industrials,Equity,0.01,4157724.1
BROS,DUTCH BROS CLASS A,Consumer Discretionary,Equity,0.01,4122580.56
G,GENPACT,Industrials,Equity,0.01,4088553.68
GTLB,GITLAB CLASS A,Information Technology,Equity,0.01,4068704.52
CROX,CROCS,Consumer Discretionary,Equity,0.01,4055392.0
PL,PLANET LABS CLASS A,Industrials,Equity,0.01,4050489.52
OKLO,OKLO CLASS A,Utilities,Equity,0.01,4012195.2
BSY,BENTLEY SYSTEMS INC CLASS B,Information Technology,Equity,0.01,4004960.92
SON,SONOCO PRODUCTS,Materials,Equity,0.01,3993164.3
MKTX,MARKETAXESS HOLDINGS,Financials,Equity,0.01,3993929.0
CELH,CELSIUS HOLDINGS,Consumer Staples,Equity,0.01,3989586.12
SARO,STANDARDAERO,Industrials,Equity,0.01,3984184.47
DVA,DAVITA INC,Health Care,Equity,0.01,3980725.45
FND,FLOOR DECOR HOLDINGS CLASS A,Consumer Discretionary,Equity,0.01,3959090.38
WULF,TERAWULF,Information Technology,Equity,0.01,3960320.45
FIG,FIGMA CLASS A,Information Technology,Equity,0.01,3952434.72
ULS,UL SOLUTIONS INC CLASS A,Industrials,Equity,0.01,3950481.9
IESC,IES INC,Industrials,Equity,0.01,3945274.96
CHDN,CHURCHILL DOWNS,Consumer Discretionary,Equity,0.01,3926200.95
Z,ZILLOW GROUP CLASS C,Real Estate,Equity,0.01,3919502.7
AS,AMER SPORTS INC,Consumer Discretionary,Equity,0.01,3914557.08
VSNT,VERSANT MEDIA GROUP INC CLASS A,Communication,Equity,0.01,3916789.8
CRUS,CIRRUS LOGIC,Information Technology,Equity,0.01,3895884.72
GFS,GLOBALFOUNDRIES,Information Technology,Equity,0.01,3879072.79
GXO,GXO LOGISTICS,Industrials,Equity,0.01,3857088.0
RITM,RITHM CAPITAL CORP,Financials,Equity,0.01,3852485.28
AVAV,AEROVIRONMENT,Industrials,Equity,0.01,3841352.64
VIRT,VIRTU FINANCIAL INC CLASS A,Financials,Equity,0.01,3831787.38
EPAM,EPAM SYSTEMS,Information Technology,Equity,0.01,3819726.08
WH,WYNDHAM HOTELS RESORTS,Consumer Discretionary,Equity,0.01,3807498.84
POWL,POWELL INDUSTRIES INC,Industrials,Equity,0.01,3795116.0
RLI,RLI CORP,Financials,Equity,0.01,3781402.86
AAON,AAON,Industrials,Equity,0.01,3766732.92
STWD,STARWOOD PROPERTY TRUST REIT INC,Financials,Equity,0.01,3757751.08
SHC,SOTERA HEALTH COMPANY,Health Care,Equity,0.01,3745681.22
NEU,NEWMARKET,Materials,Equity,0.01,3745735.84
TTD,TRADE DESK INC CLASS A,Communication,Equity,0.01,3739883.63
EXLS,EXLSERVICE HOLDINGS,Industrials,Equity,0.01,3740887.5
SAIC,SCIENCE APPLICATIONS INTERNATIONAL,Industrials,Equity,0.01,3692930.68
FBIN,FORTUNE BRANDS INNOVATIONS,Industrials,Equity,0.01,3684192.05
CHWY,CHEWY INC CLASS A,Consumer Discretionary,Equity,0.01,3681953.18
DUOL,DUOLINGO CLASS A,Consumer Discretionary,Equity,0.01,3673446.0
MSM,MSC INDUSTRIAL CLASS A,Industrials,Equity,0.01,3676347.5
FPS,FORGENT POWER SOLUTIONS CLASS A,Industrials,Equity,0.01,3664982.64
MTN,VAIL RESORTS,Consumer Discretionary,Equity,0.01,3667732.64
DBX,DROPBOX INC CLASS A,Information Technology,Equity,0.01,3629535.6
NXST,NEXSTAR MEDIA GROUP INC,Communication,Equity,0.01,3611332.32
FIGR,FIGURE TECHNOLOGY SOLUTIONS CLASS,Financials,Equity,0.01,3597872.4
OZK,BANK OZK,Financials,Equity,0.01,3574207.5
BC,BRUNSWICK CORP,Consumer Discretionary,Equity,0.01,3519900.27
SLM,SLM CORP,Financials,Equity,0.01,3507430.16
ENPH,ENPHASE ENERGY,Information Technology,Equity,0.01,3496725.38
WTM,WHITE MOUNTAINS INSURANCE GROUP,Financials,Equity,0.01,3489162.64
GNTX,GENTEX,Consumer Discretionary,Equity,0.01,3485020.0
SIRI,SIRIUSXM HOLDINGS,Communication,Equity,0.01,3464677.75
RNG,RINGCENTRAL INC CLASS A,Information Technology,Equity,0.01,3437101.8
KBR,KBR INC,Industrials,Equity,0.01,3420527.4
VNT,VONTIER,Information Technology,Equity,0.01,3423544.11
MIDD,MIDDLEBY,Industrials,Equity,0.01,3424181.28
VFC,VF CORP,Consumer Discretionary,Equity,0.01,3395966.1
ALK,ALASKA AIR GROUP INC,Industrials,Equity,0.01,3390378.0
CUZ,COUSINS PROPERTIES REIT INC,Real Estate,Equity,0.01,3389969.6
APPF,APPFOLIO CLASS A,Information Technology,Equity,0.01,3375374.32
LLYVK,LIBERTY LIVE HOLDINGS INC SERIES C,Communication,Equity,0.01,3367607.52
GAP,GAP,Consumer Discretionary,Equity,0.01,3360502.35
CE,CELANESE CORP,Materials,Equity,0.01,3355182.0
VICR,VICOR,Industrials,Equity,0.01,3337131.6
RYAN,RYAN SPECIALTY HOLDINGS CLASS A,Financials,Equity,0.01,3334740.36
AN,AUTONATION,Consumer Discretionary,Equity,0.01,3323802.13
TREX,TREX,Industrials,Equity,0.01,3297288.48
MRP,MILLROSE PROPERTIES INC CLASS A,Real Estate,Equity,0.01,3247554.29
ESAB,ESAB CORP,Industrials,Equity,0.01,3222593.7
NVST,ENVISTA HOLDINGS,Health Care,Equity,0.01,3182933.2
RHI,ROBERT HALF,Industrials,Equity,0.01,3174410.34
GLXY,GALAXY DIGITAL INC CLASS A,Financials,Equity,0.01,3159020.48
ALGM,ALLEGRO MICROSYSTEMS INC,Information Technology,Equity,0.01,3142031.97
LPX,LOUISIANA PACIFIC,Industrials,Equity,0.01,3145716.18
JHX,JAMES HARDIE INDUSTRIES PLC,Materials,Equity,0.01,3145941.45
CPB,CAMPBELL SOUP,Consumer Staples,Equity,0.01,3128244.72
NWS,NEWS CLASS B,Communication,Equity,0.01,3105947.88
IRDM,IRIDIUM COMMUNICATIONS,Communication,Equity,0.01,3086077.6
OLLI,OLLIES BARGAIN OUTLET HOLDINGS INC,Consumer Discretionary,Equity,0.01,3073663.95
JBS,JBS N V NV CLASS A,Consumer Staples,Equity,0.01,3076975.0
EPR,EPR PROPERTIES REIT,Real Estate,Equity,0.01,3035700.0
BEPC,BROOKFIELD RENEWABLE SUBORDINATE V,Utilities,Equity,0.01,3037790.75
CCC,CCC INTELLIGENT SOLUTIONS HOLDINGS,Information Technology,Equity,0.01,3028733.5
SITE,SITEONE LANDSCAPE SUPPLY INC,Industrials,Equity,0.01,3022458.27
MAT,MATTEL INC,Consumer Discretionary,Equity,0.01,3014519.59
COLD,AMERICOLD REALTY INC TRUST,Real Estate,Equity,0.01,3011946.42
FCN,FTI CONSULTING INC,Industrials,Equity,0.01,3006344.88
VVV,VALVOLINE INC,Consumer Discretionary,Equity,0.01,2948137.44
TNL,TRAVEL LEISURE,Consumer Discretionary,Equity,0.01,2935001.58
HLNE,HAMILTON LANE CLASS A,Financials,Equity,0.01,2930295.72
KRC,KILROY REALTY REIT,Real Estate,Equity,0.01,2923418.08
MDU,MDU RESOURCES GROUP,Utilities,Equity,0.01,2903275.81
GSAT,GLOBALSTAR VOTING,Communication,Equity,0.01,2892173.36
PRIM,PRIMORIS SERVICES,Industrials,Equity,0.01,2880776.64
ADT,ADT INC,Consumer Discretionary,Equity,0.01,2872405.44
LOPE,GRAND CANYON EDUCATION INC,Consumer Discretionary,Equity,0.01,2851623.36
MORN,MORNINGSTAR,Financials,Equity,0.01,2833737.16
PLNT,PLANET FITNESS INC CLASS A,Consumer Discretionary,Equity,0.01,2830977.96
BYD,BOYD GAMING,Consumer Discretionary,Equity,0.01,2823178.82
ACI,ALBERTSONS COMPANY CLASS A,Consumer Staples,Equity,0.01,2816722.0
THO,THOR INDUSTRIES,Consumer Discretionary,Equity,0.01,2796138.45
DLB,DOLBY LABORATORIES CLASS A,Information Technology,Equity,0.01,2782198.2
LAZ,LAZARD,Financials,Equity,0.01,2763249.83
ALM,ALMONTY INDUSTRIES,Materials,Equity,0.01,2715662.4
BILL,BILL HOLDINGS,Information Technology,Equity,0.01,2676984.73
PAG,PENSKE AUTOMOTIVE GROUP VOTING INC,Consumer Discretionary,Equity,0.01,2672486.48
BFAM,BRIGHT HORIZONS FAMILY SOLUTIONS I,Consumer Discretionary,Equity,0.01,2662764.06
CWEN,CLEARWAY ENERGY INC CLASS C,Utilities,Equity,0.01,2633998.87
OLED,UNIVERSAL DISPLAY CORP,Information Technology,Equity,0.01,2628559.96
BBWI,BATH AND BODY WORKS,Consumer Discretionary,Equity,0.01,2605365.0
BFB,BROWN FORMAN CLASS B,Consumer Staples,Equity,0.01,2590664.51
PVH,PVH,Consumer Discretionary,Equity,0.01,2588082.15
WSC,WILLSCOT HOLDINGS CLASS A,Industrials,Equity,0.01,2581377.36
SLGN,SILGAN HOLDINGS,Materials,Equity,0.01,2550613.26
OGN,ORGANON,Health Care,Equity,0.01,2513796.12
VKTX,VIKING THERAPEUTICS,Health Care,Equity,0.01,2498428.98
AUGO,AURA MINERALS INC,Materials,Equity,0.01,2487005.0
FRPT,FRESHPET,Consumer Staples,Equity,0.0,2408761.96
GPK,GRAPHIC PACKAGING HOLDING,Materials,Equity,0.0,2351039.95
POST,POST HOLDINGS,Consumer Staples,Equity,0.0,2284257.99
FHB,FIRST HAWAIIAN,Financials,Equity,0.0,2278742.84
CAI,CARIS LIFE SCIENCES,Health Care,Equity,0.0,2269213.38
KRMN,KARMAN HOLDINGS INC,Industrials,Equity,0.0,2270812.06
YETI,YETI HOLDINGS,Consumer Discretionary,Equity,0.0,2246510.6
DOCS,DOXIMITY CLASS A,Health Care,Equity,0.0,2227020.58
AMTM,AMENTUM HOLDINGS,Industrials,Equity,0.0,2199911.4
AGO,ASSURED GUARANTY LTD,Financials,Equity,0.0,2177326.53
LOAR,LOAR HOLDINGS,Industrials,Equity,0.0,2155903.68
WING,WINGSTOP,Consumer Discretionary,Equity,0.0,2151191.84
BHF,BRIGHTHOUSE FINANCIAL,Financials,Equity,0.0,2129204.36
FRHC,FREEDOM HOLDING CORP,Financials,Equity,0.0,2075544.4
DRS,LEONARDO DRS INC,Industrials,Equity,0.0,2013144.4
PEGA,PEGASYSTEMS,Information Technology,Equity,0.0,2001281.31
KD,KYNDRYL HOLDINGS,Information Technology,Equity,0.0,2003059.6
HAYW,HAYWARD HOLDINGS,Industrials,Equity,0.0,1985029.2
LINE,LINEAGE,Real Estate,Equity,0.0,1978881.84
CHH,CHOICE HOTELS INTERNATIONAL,Consumer Discretionary,Equity,0.0,1971327.84
QS,QUANTUMSCAPE CLASS A,Consumer Discretionary,Equity,0.0,1972533.78
EEFT,EURONET WORLDWIDE INC,Financials,Equity,0.0,1898077.2
SMG,SCOTTS MIRACLE GRO,Materials,Equity,0.0,1865346.75
BOKF,BOK FINANCIAL CORP,Financials,Equity,0.0,1790655.12
CAR,AVIS BUDGET GROUP INC,Industrials,Equity,0.0,1775232.0
FOUR,SHIFT4 PAYMENTS CLASS A,Financials,Equity,0.0,1778127.5
UI,UBIQUITI,Information Technology,Equity,0.0,1743252.8
WHR,WHIRLPOOL,Consumer Discretionary,Equity,0.0,1733686.74
PPLI,PEOPLE,Communication,Equity,0.0,1708559.16
KVYO,KLAVIYO SERIES A,Information Technology,Equity,0.0,1696596.72
WLK,WESTLAKE CORP,Materials,Equity,0.0,1677904.29
FWONA,LIBERTY MEDIA FORMULA ONE SERIES A,Communication,Equity,0.0,1643815.68
CACC,CREDIT ACCEPTANCE CORP,Financials,Equity,0.0,1558305.0
HHH,HOWARD HUGHES HOLDINGS INC,Real Estate,Equity,0.0,1492189.16
MFP,MIDERA FOOD PROCESSING INC,Industrials,Equity,0.0,1436827.28
WU,WESTERN UNION,Financials,Equity,0.0,1409405.58
MPT,MEDICAL PROPERTIES TRUST REIT INC,Real Estate,Equity,0.0,1402344.96
OLN,OLIN CORP,Materials,Equity,0.0,1390282.08
LLYVA,LIBERTY LIVE HOLDINGS INC SERIES A,Communication,Equity,0.0,1356610.64
DDS,DILLARDS CLASS A,Consumer Discretionary,Equity,0.0,1330465.25
BIRK,BIRKENSTOCK HOLDING PLC,Consumer Discretionary,Equity,0.0,1317856.5
IPGP,IPG PHOTONICS CORP,Information Technology,Equity,0.0,1271736.77
PSN,PARSONS CORP,Industrials,Equity,0.0,1234677.76
LBTYA,LIBERTY GLOBAL LTD CLASS A,Communication,Equity,0.0,1229998.0
ZG,ZILLOW GROUP CLASS A,Real Estate,Equity,0.0,1168198.64
SNDR,SCHNEIDER NATIONAL CLASS B,Industrials,Equity,0.0,1141233.66
SMMT,SUMMIT THERAPEUTICS,Health Care,Equity,0.0,1144661.2
LBTYK,LIBERTY GLOBAL LTD CLASS C,Communication,Equity,0.0,1014006.0
JAN,JANUS LIVING INC CLASS A,Real Estate,Equity,0.0,1008602.32
BFA,BROWN FORMAN CLASS A,Consumer Staples,Equity,0.0,976939.52
REYN,REYNOLDS CONSUMER PRODUCTS INC,Consumer Staples,Equity,0.0,913646.25
INGM,INGRAM MICRO HOLDING,Information Technology,Equity,0.0,879407.28
PPC,PILGRIMS PRIDE CORP,Consumer Staples,Equity,0.0,850493.49
CNA,CNA FINANCIAL CORP,Financials,Equity,0.0,845693.9
COLM,COLUMBIA SPORTSWEAR,Consumer Discretionary,Equity,0.0,821684.48
SEB,SEABOARD,Consumer Staples,Equity,0.0,813407.54
FRMI,FERMI INC,Real Estate,Equity,0.0,789977.76
SAIL,SAILPOINT,Information Technology,Equity,0.0,754399.1
BLSH,BULLISH,Financials,Equity,0.0,756166.18
MWH,SOLV ENERGY CLASS A INC,Industrials,Equity,0.0,752568.7
TFSL,TFS FINANCIAL CORP,Financials,Equity,0.0,733788.16
SFD,SMITHFIELD FOODS INC,Consumer Staples,Equity,0.0,689132.34
NIQ,NIQ GLOBAL INTELLIGENCE PLC,Communication,Equity,0.0,617051.98
XE,X-ENERGY INC CLASS A,Industrials,Equity,0.0,528462.66
LENB,LENNAR CORP CLASS B,Consumer Discretionary,Equity,0.0,516485.13
CBC,CENTRAL BANCOMPANY CLASS A,Financials,Equity,0.0,456729.04
UHAL,U HAUL HOLDING,Industrials,Equity,0.0,419917.32
UWMC,UWM HOLDINGS CLASS A,Financials,Equity,0.0,176760.74
HOLX,HOLOGIC INC,Health Care,Equity,0.0,1574.05
